행정동_코드,예측값,실제값,오차,오차퍼센트,2019년_매출_금액,2021년_매출_금액,2020년_매출_금액,2022년_매출_금액,2023년_예측_매출_금액
11530790,273324753.5,230594094,42730659.48,18.53068252,461431365.0,258213822.0,314202111.0,232834356,131225584.5
11230730,340193731.2,288321123,51872608.17,17.99126184,310942617.0,284853021.0,437499171.0,317169648,304124850.0
11200690,1359800073.0,646800492,712999580.5,110.2348544,401666922.0,708611517.0,688215150.0,702070395,855542692.5
11470560,350523612.7,288114570,62409042.68,21.66118939,468733122.0,293368341.0,412876917.0,316617954,228935563.5
11140665,152512276.8,90034548,62477728.82,69.39306101,273454044.0,149929074.0,218052825.0,126325146,64562661.0
11590540,498802453.8,372093513,126708940.8,34.05298302,1497934800.0,573540288.0,1023871206.0,474509577,12312321.0
11110515,343213251.4,255551025,87662226.35,34.30321845,287690613.0,220352760.0,267259536.0,384776724,351107797.5
11260600,203221813.6,180000000,23221813.57,12.90100754,180000000.0,180000000.0,180000000.0,180000000,180000000.0
11500530,282381844.2,261499155,20882689.17,7.985757801,400710864.0,330994692.0,407973924.0,280127868,245269782.0
11170660,420088276.6,393999216,26089060.57,6.621602153,369673410.0,541646421.0,383170131.0,543860520,629847025.5
11305660,473021879.1,346352523,126669356.1,36.57237863,431866641.0,317061834.0,408318339.0,352621683,295219279.5
11215730,779049226.5,634032783,145016443.5,22.8720734,743388906.0,422332782.0,553177407.0,444664326,284136264.0
11440710,3932894334.0,1816473903,2116420431.0,116.5125702,226591110.0,505491513.0,265068075.0,1054137663,1193587864.5
11380600,971069976.7,818060481,153009495.7,18.7039344,881199597.0,781302561.0,880448154.0,770597115,720648597.0
11560610,625074538.1,562697961,62376577.14,11.08526802,912020268.0,689038416.0,996570618.0,514247709,402756783.0
11215810,674781851.3,183552465,491229386.3,267.6234211,209544330.0,188404392.0,213380817.0,203572857,193002888.0
11350670,913961360.4,864263469,49697891.41,5.750317258,3347399181.0,2617381950.0,3201075234.0,1747398735,1382390119.5
11470630,527682335.9,479202999,48479336.9,10.11665975,1613526123.0,635907672.0,1154115522.0,424130064,-64679161.5
11590550,491748952.5,497958222,-6209269.512,1.246945876,625165131.0,465751170.0,565836702.0,502299045,422592064.5
11350595,1840115635.0,1630297725,209817909.6,12.86991366,2252707602.0,1415795466.0,1776421269.0,1546515264,1128059196.0
11710550,501565659.7,527989995,-26424335.29,5.00470379,832096035.0,795063621.0,815273070.0,674726727,656210520.0
11740600,851259070.0,870955473,-19696402.98,2.261470717,1746389571.0,1134153330.0,1520997198.0,989228214,683110093.5
11230720,357901627.6,281070000,76831627.63,27.33540671,289269084.0,409997511.0,467845722.0,364940004,425304217.5
11200645,931355293.2,909189060,22166233.18,2.438022426,2489807076.0,1373677299.0,2145263571.0,1213808175,655743286.5
11740590,309320824.4,313221024,-3900199.56,1.245190859,447993918.0,584394009.0,452576931.0,570022569,638222614.5
11680590,2723904031.0,2349585636,374318394.9,15.93125142,4540575531.0,3288865122.0,4102075797.0,2855858070,2230002865.5
11500641,186230270.4,106317861,79912409.38,75.163673,150442980.0,108446160.0,124501194.0,94844985,73846575.0
11200650,967598598.8,985255452,-17656853.22,1.792109162,2731799355.0,1612030599.0,2391152958.0,1080387051,520502673.0
11740620,1638372157.0,1478042511,160329645.5,10.84743127,3960178935.0,2653846752.0,4271701788.0,1921132812,1267966720.5
11440590,903600600.8,793202151,110398449.8,13.91807242,741658329.0,1104472749.0,1076504379.0,955003113,1136410323.0
11650580,707052379.0,438739005,268313374.0,61.1555779,1003635324.0,508324263.0,681804414.0,522325710,274670179.5
11740685,3661794460.0,1913912469,1747881991.0,91.32507465,3159171753.0,2070569067.0,3023448090.0,1934262993,1389961650.0
11290715,487687666.8,453080907,34606759.81,7.638097142,393181062.0,439818924.0,455266677.0,408588996,431907927.0
11560680,393070402.1,289610064,103460338.1,35.72401341,419312682.0,343816806.0,402229413.0,362585631,324837693.0
11620765,577767038.7,650420952,-72653913.27,11.17029103,1306536597.0,888086088.0,1180022202.0,764876448,555651193.5
11620655,402386199.6,446668773,-44282573.36,9.91396221,681554112.0,493901211.0,604165707.0,500022219,406195768.5
11710600,2907310672.0,2956431348,-49120676.37,1.661485439,2029679703.0,4561073007.0,4620290541.0,3677346510,4943043162.0
11440630,838353977.4,934299795,-95945817.56,10.26927524,751653810.0,971851050.0,661250178.0,995719266,1105817886.0
11215780,790265115.2,720000000,70265115.17,9.759043774,720000000.0,720000000.0,720000000.0,720000000,720000000.0
11305545,1228215594.0,1169300265,58915328.76,5.038511537,839139381.0,578034243.0,725492937.0,543855819,413303250.0
11620525,939968169.6,901206498,38761671.56,4.30108656,405063117.0,208125957.0,352239519.0,163418148,64949568.0
11215860,797663209.7,782138292,15524917.73,1.984932574,1130253603.0,945369978.0,1089398373.0,930223620,837781807.5
11140635,501764521.0,479356032,22408488.96,4.674706787,793434192.0,416115894.0,656306012.0,399197100,210537951.0
11380520,1192691493.0,1223934804,-31243311.07,2.552694062,4672975638.0,1917774225.0,3811039299.0,1190518074,-187082632.5
11440600,1292719719.0,1346978985,-54259266.42,4.028219224,3136809060.0,1854276363.0,2406761139.0,1696341954,1055075605.5
11110580,746696359.4,779449716,-32753356.62,4.202112843,1399814886.0,1160175921.0,1242158142.0,817114524,697295041.5
11200560,1293190813.0,1064327754,228863059.3,21.50306223,1303499031.0,591756099.0,670904427.0,897866238,541994772.0
11530730,513430247.2,516519540,-3089292.834,0.59809796,736080105.0,626098710.0,680086473.0,573144117,518153419.5
11260610,1328516411.0,1411506252,-82989841.15,5.879523455,2499815292.0,1582842474.0,2314607316.0,1372248069,913761660.0
11650621,1540753145.0,1545810573,-5057427.804,0.327169958,1872370365.0,2634644802.0,3085272756.0,1955425794,2336563012.5
11470600,399514145.6,328423692,71090453.56,21.64595773,279205296.0,342105528.0,322633074.0,333005967,364456083.0
11620735,2904550424.0,3015652251,-111101827.2,3.684172376,3224443245.0,2411655120.0,3129072090.0,2242737438,1836343375.5
11320522,554801574.1,546113175,8688399.141,1.590952121,465369183.0,440902449.0,487071582.0,573239337,561005970.0
11590520,840276234.5,807596247,32679987.53,4.046574963,684000000.0,740175783.0,684000000.0,843081639,871169530.5
11590660,2613975956.0,2590607838,23368117.74,0.902032233,3288345324.0,2946650385.0,4612795161.0,2373223566,2202376096.5
11560550,2319909709.0,2299050687,20859021.93,0.907288476,3579565944.0,1490471130.0,2773228614.0,1627887687,583340280.0
11500590,1771645595.0,1789799643,-18154047.54,1.014306133,3887742984.0,2451906576.0,3539546487.0,1928913060,1210994856.0
11170700,911154854.3,970439862,-59285007.72,6.109086203,1628831799.0,945708258.0,1336198812.0,1065645513,724083742.5
11170510,778237630.4,789725100,-11487469.57,1.454616242,837680463.0,725570724.0,783706887.0,729584967,673530097.5
11620695,2515829012.0,2570471637,-54642624.89,2.125782059,2889546678.0,2261453619.0,2723404881.0,1711096881,1397050351.5
11200660,3265413224.0,4051078053,-785664829.3,19.39396919,2405239296.0,2923381518.0,2412140268.0,3883842666,4142913777.0
11590670,509249249.6,453002004,56247245.62,12.41655558,475212225.0,434102325.0,537263109.0,409457955,388903005.0
11230650,1435218068.0,1375781370,59436697.58,4.320213871,2074510323.0,1580579313.0,1732735977.0,1379395452,1132429947.0
11260680,1127214552.0,1073670816,53543736.47,4.986978846,979099935.0,1310723067.0,972820953.0,1197221427,1363032993.0
11260565,1526319115.0,1702698852,-176379736.8,10.35883337,1675865082.0,1978257447.0,2178292320.0,1811088900,1962285082.5
11410720,1294277509.0,1276127388,18150121.42,1.422281317,1234285122.0,1346279748.0,1348624806.0,1228280004,1284277316.9999995
11320700,729947743.9,745677174,-15729430.11,2.10941553,880937394.0,763790112.0,930229095.0,824650272,766076631.0
11440565,1904609712.0,1966104822,-61495110.4,3.127763571,2580324072.0,2927220039.0,2773330698.0,3256133691,3429581674.5
11305555,1714707227.0,1812653796,-97946569.0,5.403490132,2884664367.0,1895726202.0,2564802504.0,1799258079,1304788996.5
11530740,795104805.3,727096149,68008656.29,9.353461215,1255066392.0,954424866.0,1159993299.0,833344617,683023854.0
11530550,2094344597.0,2134667955,-40323357.61,1.888975637,2763956991.0,2227961799.0,3003152010.0,2159259879,1891262283.0
11230545,2551266279.0,2475860553,75405725.84,3.045637031,3339827727.0,3300348294.0,3218502036.0,2535674922,2515935205.5
11650540,2478514400.0,2315131047,163383352.9,7.057196745,4521013461.0,2734485774.0,4096959051.0,2661954351,1768690507.5
11545620,1233838853.0,1132957653,100881200.3,8.904233978,1125787053.0,1689148173.0,1305657960.0,1400643324,1682323884.0
11350665,726031388.7,568557492,157473896.7,27.69709289,671449860.0,616571550.0,828083415.0,566111004,538671849.0
11230740,3428015439.0,3417544467,10470971.71,0.306388748,3814404381.0,3062616615.0,3426314691.0,3245384877,2869490994.0
11500611,5199074919.0,5249176572,-50101653.36,0.954466909,7584310356.0,5306060769.0,8414643081.0,6323606679,5184481885.5
11740650,1778529389.0,1722210312,56319077.48,3.270162598,1932304806.0,1568750688.0,1705495815.0,1602007722,1420230663.0
11215750,875095094.3,839972964,35122130.28,4.181340565,1379076771.0,1312249554.0,1200955437.0,1022859768,989446159.5
11590560,817989532.0,792633357,25356175.03,3.19897905,216000000.0,216000000.0,216000000.0,216000000,216000000.0
11320690,3981819239.0,3977119470,4699768.572,0.118170163,4036176048.0,5095577565.0,4564658610.0,4752253434,5281954192.5
11200670,3884016532.0,3917143221,-33126689.06,0.845684908,3583649640.0,4118089818.0,3822076515.0,5038643553,5305863642.0
11140570,1666667836.0,1622952822,43715014.32,2.693548064,1173475260.0,1261577781.0,882930252.0,1527123708,1571174968.5
11320514,961423004.1,941604945,19818059.13,2.104710605,602936568.0,508066311.0,921816630.0,424875303,377440174.5
11215830,1504225682.0,1381866105,122359576.7,8.854662276,2952689460.0,1914662196.0,2573979651.0,1538137230,1019123598.0
11590620,3189726099.0,2688752985,500973114.2,18.63217324,3122419077.0,2586119856.0,2370604569.0,3299054790,3030905179.5
11380530,1033635688.0,1051832493,-18196804.58,1.73000974,946892451.0,924007992.0,1171504566.0,1062051144,1050608914.5
11620615,2851187767.0,2772157881,79029885.68,2.850843605,2858218149.0,2358048036.0,2687580495.0,2336745414,2086660357.5
11230570,1693408332.0,1807734684,-114326351.8,6.324288227,1959202089.0,1747101843.0,1639478823.0,1889873103,1783822980.0
11215740,841245004.6,818861007,22383997.55,2.733552747,1198412997.0,837084504.0,1263874200.0,869161197,688496950.5
11680531,9914608835.0,8206816005,1707792830.0,20.8094446,8924893539.0,5115540738.0,7592833200.0,7666741542,5762065141.5
11260540,991452877.9,1124782617,-133329739.1,11.85382287,2146290852.0,1057455531.0,1787180931.0,915675843,371258182.5
11170685,5642425043.0,5083524633,558900409.8,10.99434841,4149123816.0,3150764742.0,3879867006.0,4342244346,3843064809.0
11560720,1011381740.0,937752015,73629725.08,7.851726672,2319510252.0,1436979510.0,2299329135.0,1058321250,617055879.0
11470580,774843178.9,582172608,192670570.9,33.09509384,868971450.0,610066008.0,996671088.0,470414121,340961400.0
11440730,4310071096.0,4556159457,-246088360.7,5.401223619,973770105.0,2615159352.0,1027719276.0,3838854465,4659549088.5
11350630,2626251283.0,2576412876,49838407.43,1.934410742,2282608197.0,2479147806.0,2203930866.0,2536062984,2634332788.5
11740520,3171042956.0,3130453473,40589483.5,1.296600759,1401677883.0,1514622591.0,1502829240.0,1432619217,1489091571.0
11260620,2368186044.0,2325404838,42781206.16,1.839731537,1428746688.0,1504345701.0,1629672366.0,2271686688,2309486194.5
11215820,3205213143.0,3158040396,47172746.81,1.49373475,5169013521.0,2566956921.0,4213075518.0,2080276116,779247816.0
11545640,1252771529.0,1218814965,33956564.4,2.786031135,1302748854.0,1043113275.0,1325410029.0,1197555366,1067737576.5
11740640,2063448552.0,1998162711,65285841.46,3.267293554,1174025400.0,1709891760.0,1256107668.0,1641426228,1909359408.0
11215760,2441311924.0,2462179722,-20867798.18,0.847533508,2255287395.0,2083110693.0,2106184647.0,2391156153,2305067802.0
11440720,2172874378.0,2175651006,-2776627.845,0.127622851,6363127551.0,3210720402.0,5093893638.0,2577249999,1001046424.5
11620585,4544638391.0,4396399929,148238462.2,3.371814771,2449317549.0,2098630560.0,2902638759.0,2819859870,2644516375.5
11500640,2198648719.0,1745047527,453601192.2,25.9936297,1831704636.0,2458553598.0,3226440171.0,2003521953,2316946434.0
11545630,1161679610.0,1128207714,33471896.48,2.966820388,1532811066.0,1260223716.0,1508661309.0,1272779358,1136485683.0
11500593,2397229535.0,2509467807,-112238271.5,4.472592603,3053834367.0,2462007234.0,2875951443.0,2259067707,1963154140.5
11290575,5905092496.0,6191458860,-286366363.5,4.625183983,9358786497.0,6023422089.0,7838739525.0,6121600518,4453918314.0
11380570,6049625407.0,7054114119,-1004488712.0,14.23975704,7149615861.0,6399147633.0,6215499234.0,7245527550,6870293436.0
11215850,2103127201.0,2101452363,1674838.416,0.0796990903,2968765386.0,1926156216.0,2368866042.0,1668119943,1146815358.0
11710646,1550458282.0,1521874401,28583880.57,1.878202337,1989381126.0,1830409983.0,2120328783.0,1683798618,1604313046.5
11110550,2627208656.0,2706449520,-79240863.56,2.927853004,978900819.0,2109920055.0,1767956955.0,2021874990,2587384608.0
11440585,3281093598.0,3221511537,59582061.08,1.84950637,1709841942.0,3628611069.0,1582892949.0,3686227797,4645612360.5
11470540,3483315480.0,3432571974,50743505.62,1.478294002,4051725117.0,2885436912.0,3446938533.0,3392321952,2809177849.5
11545610,5818265280.0,6121168242,-302902961.7,4.948450193,481553073.0,3112593882.0,456195801.0,5852093523,7167613927.5
11500591,2498584446.0,2613437106,-114852660.4,4.3946977,3577547250.0,3193892139.0,3318714255.0,2983688019,2791860463.5
11500510,1917437408.0,1834610340,82827068.44,4.51469539,1683080550.0,1288308108.0,1495717113.0,1539029418,1341643197.0
11710641,1231876050.0,1225558545,6317505.051,0.515479662,3130199235.0,2379122649.0,2573434023.0,2027854323,1652316030.0
11740580,1207508868.0,1150226373,57282494.86,4.980106195,1350048753.0,1187100213.0,1382497572.0,1183647375,1102173105.0
11560700,1586931855.0,1597918875,-10987019.52,0.687583061,2265381555.0,1893584814.0,2206199658.0,1462960173,1277061802.5
11170560,2311816617.0,2604155559,-292338942.0,11.22586325,6335355756.0,2676266199.0,4633385181.0,2251382901,421838122.5
11440610,1771650693.0,1551371028,220279664.6,14.19903174,606850476.0,1140534069.0,484334688.0,1259166570,1526008366.5
11170625,12600000000.0,10591535667,1994028264.0,18.82662087,3030646647.0,9884399292.0,2782893435.0,10325211324,13752087646.5
11140580,2042982627.0,2063111250,-20128623.07,0.975644094,2306090037.0,1894120488.0,1760834766.0,2162755614,1956770839.5
11200520,1382105637.0,1411686216,-29580578.9,2.095407504,774155769.0,680565714.0,730811271.0,705696483,658901455.5
11620595,5490740166.0,5845826817,-355086651.0,6.074190395,7012255677.0,5786186118.0,6210909954.0,6021527934,5408493154.5
11470680,1749998159.0,1811565045,-61566885.74,3.398546793,1004392812.0,1391864277.0,1252391310.0,1579616298,1773352030.5
11560560,2309809386.0,2104225989,205583397.2,9.770024621,1453895925.0,1453622472.0,1727728914.0,2031982293,2031845566.5
11260575,1994994439.0,2009617236,-14622797.2,0.727640913,2192249472.0,1667889177.0,2129361663.0,2328352395,2066172247.5
11380632,1322325962.0,586137480,736188482.4,125.5999672,708372126.0,624939063.0,709360659.0,594314394,552597862.5
11320680,2338175020.0,2379776349,-41601328.85,1.748119266,3282014613.0,2696813034.0,2941729362.0,2577136314,2284535524.5
11530560,6182894305.0,6458630772,-275736467.0,4.269271255,6437714148.0,7438582389.0,6082390164.0,7683658026,8184092146.5
11410555,1511355398.0,1499230320,12125077.54,0.80875349,2454399459.0,890171136.0,1399607049.0,874253055,92138893.5
11230610,1210798300.0,1104579987,106218313.5,9.616172188,720000000.0,530712405.0,720000000.0,1067311638,972667840.5
11230705,1384937208.0,1326396603,58540604.63,4.413506827,626318454.0,1128533949.0,830276811.0,1531928946,1783036693.5
11350640,7299477176.0,7470639924,-171162748.5,2.291139049,3555749100.0,5094631185.0,3964968501.0,6389401290,7158842332.5
11710610,2522470092.0,2456301147,66168945.23,2.693844984,2539727241.0,2503194768.0,2182398900.0,2602320408,2584054171.5
11650590,3098115866.0,2926454865,171661000.9,5.865834562,2181239166.0,3214684647.0,3190513863.0,3302306877,3819029617.5
11560630,1853095837.0,1578783642,274312195.1,17.37490735,2461534092.0,1737431016.0,2325104853.0,1714831254,1352779716.0
11170555,6663154451.0,6863033688,-199879237.3,2.912403558,6342796335.0,4231860345.0,4420709976.0,6007232565,4951764570.0
11560620,2676113829.0,2562607764,113506065.4,4.42931872,2505199497.0,1891387152.0,2331712023.0,1929140778,1622234605.5
11110650,10500000000.0,10741635666,-211611075.7,1.970007942,12054716340.0,7940846877.0,8405141544.0,9785465892,7728531160.5
11710570,4142420677.0,4091238108,51182569.45,1.25102886,2059175373.0,1187077413.0,1320500481.0,1373322189,937273209.0
11680565,6390342456.0,5087453757,1302888699.0,25.60983866,4828911384.0,4248407415.0,3402097356.0,4862732661,4572480676.5
11380625,6688939955.0,6391002324,297937631.4,4.661829496,1333560339.0,5166694467.0,4745159775.0,6177537909,8094104973.0
11290810,5477985302.0,5129203602,348781700.3,6.799919195,5082513855.0,4876036017.0,5175640257.0,5235646080,5132407161.0
11440680,8589815867.0,8680398432,-90582565.17,1.043530039,3087264597.0,3000159978.0,2684907816.0,4448052753,4404500443.5
11650581,7379877959.0,6614625510,765252448.7,11.56909711,2000399886.0,5476859460.0,4929505266.0,5369566839,7107796626.0
11380580,6360885545.0,6108357606,252527939.2,4.134138102,7589914884.0,5398278588.0,6900217290.0,5345081805,4249263657.0
11350695,3914587275.0,3766575150,148012125.1,3.929620921,5409793905.0,5272078890.0,5985555474.0,4596272556,4527415048.5
11590630,3820074653.0,3708602115,111472537.7,3.005783156,2331070272.0,3256750653.0,2218074399.0,3549418029,4012258219.5
11650510,7715648408.0,7939513257,-223864848.7,2.819629383,10758372495.0,9159980925.0,10122211458.0,8861847273,8062651488.0
11500615,2997591734.0,3030074463,-32482728.7,1.072010906,607289841.0,2941743474.0,588537381.0,3110746488,4277973304.5
11215847,5917423134.0,5385504213,531918921.1,9.876863894,3053689437.0,2533002204.0,2652375348.0,3385995330,3125651713.5
11200615,2202650234.0,2081538102,121112132.3,5.818396127,1447614942.0,1635406761.0,1525973877.0,2260069398,2353965307.5
11290780,1301965228.0,1110415458,191549769.7,17.25027946,1467449097.0,937139394.0,1564021467.0,1159740321,894585469.5
11260590,5149393660.0,4886776536,262617123.9,5.374035869,5568174126.0,4181041665.0,4369550190.0,4279966203,3586399972.5
11710580,9348929401.0,9830022531,-481093130.1,4.894120319,6515440092.0,9878353374.0,8254774191.0,10954468272,12635924913.0
11650652,8540205532.0,8946296955,-406091423.4,4.53921243,3807790557.0,5081189649.0,5504988057.0,6875865342,7512564888.0
11740570,2575569734.0,2574276252,1293481.596,0.0502464176,2691785130.0,2042732475.0,2258519550.0,2374450776,2049924448.5
11680700,2250619108.0,2119980552,130638555.9,6.162252563,1313415207.0,972586503.0,1336414881.0,2422921329,2252506977.0
11560605,6018046789.0,5836194111,181852678.2,3.115946364,4993233399.0,4524187098.0,4064305125.0,6114337815,5879814664.5
11305535,3087843568.0,3215964495,-128120926.9,3.98390365,4944917829.0,4612632195.0,4938534456.0,4679704182,4513561365.0
11230560,5421966978.0,5367552486,54414491.96,1.013767301,8980511592.0,6083302599.0,8221080366.0,5964996492,4516391995.5
11260655,4186813783.0,4034954751,151859032.2,3.763586993,1634516247.0,2576810520.0,1415042298.0,3238536174,3709683310.5
11545710,1583204925.0,1614109146,-30904220.86,1.914630181,2141126166.0,1540302039.0,1821292548.0,1645493721,1345081657.5
11110670,1557036463.0,540000000,1017036463.0,188.3400857,540000000.0,540000000.0,540000000.0,540000000,540000000.0
11500540,5852839593.0,5808280155,44559438.32,0.767170955,8599195203.0,4424373555.0,6166372629.0,5124013284,3036602460.0
11290525,3082916386.0,3149255493,-66339107.01,2.106501272,3439023750.0,2711232411.0,3383653854.0,2965766268,2601870598.5
11680655,2724036014.0,2462263242,261772771.7,10.63138852,3815020884.0,3159658515.0,4138202103.0,2636584398,2308903213.5
11230660,6561842158.0,6596615493,-34773335.17,0.527139034,6531459486.0,5412439188.0,5889311916.0,5812613496,5253103347.0
11470620,2543968567.0,2522067309,21901257.97,0.868385149,4064467722.0,2561909133.0,3958373820.0,2499204210,1747924915.5
11530780,2945787536.0,2981216898,-35429362.26,1.188419477,3655683639.0,2969796852.0,3887546229.0,2898103446,2555160052.5
11545670,5782910818.0,5938657587,-155746768.5,2.622592164,8740573107.0,8115381651.0,8147673513.0,8007256881,7694661153.0
11350621,1499445282.0,1373869845,125575436.8,9.140271712,1008000000.0,1195058490.0,1008000000.0,1040998260,1134527505.0
11110600,5007303193.0,5342960730,-335657537.0,6.282238518,191267166.0,837684729.0,228991545.0,4277592108,4600800889.5
11710510,1594238714.0,1553222259,41016455.06,2.640733148,2833062702.0,1896205500.0,2622397755.0,1563514197,1095085596.0
11230710,5633766794.0,5788314462,-154547667.8,2.669994328,2599065489.0,3123772947.0,1464424857.0,5573987394,5836341123.0
11710562,7177537513.0,7042778631,134758882.2,1.913433451,7394776050.0,6588231006.0,6262403442.0,7027426026,6624153504.0
11680521,11100000000.0,13192734591,-2127238114.0,16.12431524,12582346089.0,9968067645.0,9733352727.0,12507234537,11200095315.0
11290725,8397085135.0,9003064740,-605979604.6,6.730814696,4859654376.0,6124274949.0,4805869230.0,7974100347,8606410633.5
11500570,2589953974.0,2603969991,-14016017.27,0.538255714,3619738104.0,2895236676.0,3291601695.0,2710286991,2348036277.0
11710642,17200000000.0,21300074952,-4062017321.0,19.07043675,13552321029.0,13796620371.0,12971669733.0,19668449610,19790599281.0
11590650,2073252054.0,2152408380,-79156326.23,3.677570064,2174502123.0,2275834065.0,2337379773.0,2493456135,2544122106.0
11410565,5999365194.0,6170850393,-171485198.8,2.778955701,4058696424.0,3285546519.0,3211509702.0,5361029637,4974454684.5
11380551,2976338027.0,2687430744,288907282.9,10.75031547,2161025010.0,895292643.0,1036354041.0,858410832,225544648.5
11350619,3800679060.0,4031849583,-231170522.9,5.733609802,2740564302.0,2794014060.0,3428763837.0,2919170421,2945895300.0
11350600,10900000000.0,13000000000,-2077011317.0,16.00964518,12765293487.0,10234917771.0,10912836252.0,12077976192,10812788334.0
11260690,1931762263.0,1692319989,239442274.0,14.14875884,3074610246.0,1549299354.0,2721529221.0,1767106125,1004450679.0
11290705,3878887165.0,3745372821,133514343.8,3.564781136,3726053682.0,3107387286.0,3435149052.0,3509610882,3200277684.0
11560535,14900000000.0,14000000000,866320318.3,6.171735343,9484477938.0,10397172192.0,9599584605.0,12946633881,13402981008.0
11140590,5612391925.0,5350608957,261782968.4,4.892582704,4890668847.0,4158854274.0,4824661251.0,4426910334,4061003047.5
11590530,9075318451.0,10061325501,-986007049.6,9.799971679,17911996887.0,12339619236.0,16816026720.0,11181131286,8394942460.5
11110640,8107764639.0,8157513024,-49748384.78,0.609847445,8257526784.0,5513746128.0,5803640748.0,7280750874,5908860546.0
11710670,3078872788.0,2821220010,257652778.0,9.132672287,808106340.0,738220107.0,614092941.0,2274902487,2239959370.5
11740660,9583926061.0,9762129498,-178203437.1,1.825456599,8078712828.0,8913854421.0,7139447040.0,9514749126,9932319922.5
11650531,7723111161.0,7267935519,455175642.2,6.262791421,11780266779.0,7166001978.0,8382114588.0,7383496275,5076363874.5
11410620,3723699255.0,3637378605,86320649.57,2.373155477,3728413806.0,5118715044.0,2676392037.0,4077154863,4772305482.0
11170630,3657167338.0,3642221325,14946012.95,0.410354331,4162670517.0,2823706272.0,3716746842.0,3522490215,2853008092.5
11290600,11500000000.0,11900000000,-392001373.4,3.283231068,17568612063.0,9177532191.0,11552950224.0,13965838782,9770298846.0
11620665,5174543648.0,5373040986,-198497337.6,3.694320183,2060759475.0,1323192627.0,1552226232.0,4838633304,4469849880.0
11710620,9298444999.0,9103028307,195416692.3,2.146721791,8164549914.0,5607983949.0,7537221981.0,7089595524,5811312541.5
11530720,6014690328.0,5993781315,20909012.59,0.348845103,5586831600.0,4558723611.0,4715868630.0,5426714703,4912660708.5
11530510,6047901605.0,5828759847,219141757.7,3.759663521,4145156127.0,4969129770.0,5466484608.0,5683134468,6095121289.5
11470530,3461039227.0,3106526673,354512553.7,11.41186254,4432538820.0,3669248235.0,4159472817.0,3512147607,3130502314.5
11530750,3193319423.0,2517552687,675766735.9,26.84220828,2683645605.0,2445552201.0,2631058611.0,2584303584,2465256882.0
11140625,3871510986.0,2749040823,1122470163.0,40.83133847,3795828495.0,3251865927.0,3845210286.0,2709745308,2437764024.0
11590605,5903340112.0,5934364350,-31024237.72,0.522789568,6450791919.0,5499906741.0,5775940428.0,6450714141,5975271552.0
11290555,6752673573.0,6865393947,-112720374.0,1.64186316,5024612538.0,5200701582.0,4646457597.0,6089789085,6177833607.0
11710531,3615410765.0,3658955904,-43545138.76,1.190097391,6445882434.0,4247200977.0,6346530747.0,4354361874,3255021145.5
11710710,15600000000.0,15700000000,-103968934.8,0.662315323,11635272444.0,9493058874.0,6406767750.0,12177894651,11106787866.0
11215870,10100000000.0,10400000000,-273127396.4,2.63356857,8788992300.0,5012218428.0,6433799778.0,7011735261,5123348325.0
11410585,29800000000.0,35261397705,-5506974303.0,15.61757236,45383267118.0,27176665140.0,31281401013.0,33151139808,24047838819.0
11320515,5026933798.0,5015897424,11036374.35,0.220027912,7283114757.0,4910153763.0,6441915396.0,4756535256,3570054759.0
11110630,7095523049.0,7215951942,-120428893.1,1.668925931,4492273689.0,6450322707.0,5266270221.0,7349397876,8328422385.0
11650651,9632201190.0,8190070860,1442130330.0,17.60827659,5014918386.0,5412378747.0,6034563852.0,5259088821,5457819001.5
11200550,13900000000.0,15100000000,-1182647675.0,7.849935118,16219470798.0,8759681133.0,10660286094.0,14292546282,10562651449.5
11740540,5252999395.0,5359175316,-106175921.4,1.981198881,1805786688.0,2323749642.0,1804651074.0,4908484116,5167465593.0
11350624,5358800466.0,5362997808,-4197341.997,0.0782648464,1543675122.0,1327216464.0,1374240198.0,3424354626,3316125297.0
11440690,10100000000.0,10000000000,97566227.13,0.974541549,8549877474.0,7178574228.0,7888343481.0,9230797734,8545146111.0
11215710,20100000000.0,21900000000,-1733508221.0,7.923196418,14048187003.0,14293300254.0,15571370658.0,21066489468,21189046093.5
11140650,3992408109.0,3942532425,49875684.16,1.26506719,3713915094.0,3408282900.0,3386264469.0,3597512595,3444696498.0000076
11200570,3504093040.0,3243059811,261033229.5,8.048979813,3796543602.0,3525104289.0,3128998296.0,4875066240,4739346583.5
11290685,4084386142.0,3992993352,91392790.44,2.288829016,3781925697.0,3528493215.0,3917068653.0,3756544731,3629828490.0
11320511,4931376696.0,5045329182,-113952485.7,2.258573853,3829766991.0,3901308963.0,3819304482.0,4837966944,4873737930.0
11590510,16400000000.0,17900000000,-1485773580.0,8.288741995,22626452313.0,16794821565.0,17383652535.0,18898432518,15982617144.0
11470650,10600000000.0,10864112310,-270615072.9,2.490908278,9498792912.0,9029583357.0,7720954065.0,9922387011,9687782233.5
11650600,7813087074.0,8205212529,-392125455.4,4.778979874,11785594929.0,8489034465.0,9504036138.0,8527752990,6879472758.0
11380552,11000000000.0,11400000000,-385481793.0,3.371777137,10846872771.0,8905094931.0,9393579255.0,10919298270,9948409350.0
11740530,12300000000.0,13135930866,-787387811.0,5.994153129,5651898765.0,4631324949.0,4602959640.0,10487028090,9976741182.0
11680670,4329286694.0,1386704004,2942582690.0,212.1997688,1735592154.0,1219452474.0,1515243594.0,1229410884,971341044.0
11650560,10900000000.0,11400000000,-483421706.3,4.247844595,14935785528.0,6720151371.0,11542925604.0,9963757413,5855940334.5
11620645,10300000000.0,9883295193,389709254.2,3.943110537,12945454335.0,7685499420.0,9220387704.0,9279843909,6649866451.5
11545510,27200000000.0,28400633559,-1208410669.0,4.254872225,15008367072.0,17388217116.0,15997776045.0,27852068265,29041993287.0
11440740,24600000000.0,28600000000,-4015421342.0,14.04420695,22499225433.0,21842743905.0,22039425573.0,25407569916,25079329152.0
